{
  "n_samples": 1000,
  "data_format": "uint32",
  "bit_bias": {
    "overall_p1": 0.49915625,
    "bias_from_half": 0.0008437499999999765,
    "worst_bit_bias": 0.038000000000000034,
    "worst_bit_position": 5,
    "bit_biases": [
      0.514,
      0.482,
      0.508,
      0.483,
      0.469,
      0.538,
      0.516,
      0.469,
      0.51,
      0.493,
      0.477,
      0.519,
      0.513,
      0.502,
      0.479,
      0.495,
      0.513,
      0.496,
      0.465,
      0.515,
      0.497,
      0.512,
      0.506,
      0.501,
      0.505,
      0.485,
      0.509,
      0.51,
      0.485,
      0.515,
      0.486,
      0.506
    ]
  },
  "min_entropy": {
    "h_min": 6.50635266602479,
    "h_max": 8.0,
    "ratio": 0.8132940832530987
  },
  "hurst": {
    "qrng": 0.6609035345748886,
    "csprng": 0.6568731622273051,
    "permuted": 0.6664075463083048,
    "bootstrap_mean": 0.6629032782589304,
    "ci_low": 0.6378333669983912,
    "ci_high": 0.6876287596692453,
    "p_value": 1.0,
    "null_mean": 0.6636749565311523
  },
  "runs_test": {
    "qrng_z": 0.06327723141882918,
    "csprng_z": -0.8858812398636087,
    "permuted_z": 0.25310892567531673
  },
  "change_points": [
    234,
    336,
    453
  ],
  "spectral_entropy": {
    "qrng": 0.9337534728395456,
    "csprng": 0.9259974815825543
  }
}