{
  "hurst": 0.6609035345748888,
  "hurst_ci": [
    0.6378333669983912,
    0.6876287596692453
  ],
  "hurst_pvalue": 1.0,
  "lyapunov": -0.020744318596534028,
  "spectral_entropy": 0.9337534728395456,
  "runs_z": 0.06327723141882918,
  "runs_random": 